date,brand,product_name,price,discount,rating,review_count,customer_review
2024-08-18,HP,HP Envy 13,92039,5,3.5,3554,Such when third especially compare fine into alone food identify page rich guess professional party a consumer.
2025-05-30,Acer,Acer Aspire 7,81629,15,3.1,735,Development make leader stock goal vote build loss fill do anyone operation black professor watch election young expert election public capital outside.
2024-03-30,MSI,MSI Stealth 15M,96976,15,3.5,922,Growth evidence care ahead art whole purpose marriage church but sport six service who cause message dinner above chance.
2024-01-14,Apple,Apple MacBook Air M2,47146,25,4.6,1975,Open point spring responsibility thank agency thing name activity property site glass report doctor suffer traditional great push woman big investment art.
2025-06-07,MSI,MSI Raider GE76,66421,10,4.3,4791,Cultural wish appear measure these board order politics relate a no himself.
2025-02-14,Acer,Acer Predator Helios 300,81449,18,3.8,410,Watch ten arm air personal sport report whose sort coach.
2024-09-05,Samsung,Samsung Galaxy Book2,91023,25,3.6,1284,Campaign leader ok south interest poor provide mouth memory traditional drug environmental threat enjoy would.
2024-10-15,Dell,Dell Inspiron 15 3520,106407,25,3.5,1831,Nation be real certain author police employee morning.
2024-04-17,MSI,MSI Raider GE76,54643,25,3.1,4159,He on remember too either a trouble me himself.
2023-11-21,Redmi,Redmi Book Pro 15,44121,15,3.5,3971,Research population onto describe collection list beat key community difference opportunity best leg.
2024-11-28,Redmi,Redmi Book Pro 15,48929,15,3.1,4364,Themselves share rather sister star coach exactly born.
2023-12-23,Dell,Dell XPS 13,51787,8,3.4,835,Top season enter group woman relationship develop kid guy office with turn meeting deep big music compare produce understand college hair film space box standard.
2024-05-06,Redmi,Redmi Book 14 II,58309,12,4.4,2531,Reflect ball ago we compare authority fire party fact culture step special threat four tonight go just read coach trade article attention.
2025-01-10,MSI,MSI GF63 Thin,78775,25,3.3,3977,Six these seek policy rest reality court left people southern voice it shoulder nice.
2025-09-20,MSI,MSI Stealth 15M,86557,15,3.5,2959,Traditional other daughter fire meeting opportunity member already involve end name history significant agency bank born investment southern street federal.
2023-12-06,Realme,Realme Book Slim,67883,8,4.1,4002,Drive until work walk record return young thus visit because week too recent cause person similar wonder state blue.
2024-07-19,Asus,Asus ZenBook 14,125760,18,4.0,2453,White many between tonight stock bag glass woman avoid.
2025-04-09,HP,HP Omen 16,34659,25,3.9,1837,Provide character loss national rather risk rock career certainly organization upon.
2023-12-27,Dell,Dell Latitude 5420,59952,8,3.4,2114,Carry poor as speak claim campaign actually cup agent.
2025-04-25,Acer,Acer Predator Helios 300,95214,5,3.3,467,Never black Congress shoulder matter movie next vote hot artist organization Democrat of.
2024-08-11,Acer,Acer Predator Helios 300,58598,25,4.7,3678,List democratic during film ten move carry concern probably create finish.
2025-05-30,Lenovo,Lenovo ThinkPad X1 Carbon,133899,15,3.8,2249,Necessary concern happen best late worker time test table idea whether industry this administration sound stage resource young foreign until.
2024-05-21,Samsung,Samsung Galaxy Book Flex,30446,20,3.4,4842,Travel enough prevent financial maintain sit story.
2025-02-01,Redmi,Redmi Book Pro 15,84094,20,4.6,2493,Tend win treatment real ten sort need Mr support price both beautiful.
2024-11-28,Asus,Asus ROG Strix G15,79349,10,4.8,689,Move without bar respond thousand class conference player physical everything under middle for say difficult matter figure TV benefit meeting kitchen.
2024-10-12,HP,HP Omen 16,113709,18,4.2,3513,Seven car catch it degree require within with shoulder factor than fire.
2024-02-12,Asus,Asus ROG Strix G15,110270,25,3.7,1994,Yourself door where chance Congress court consider week whom amount camera.
2024-04-05,HP,HP Envy 13,119749,25,4.0,2587,Add health mouth could church response pretty market standard hospital thought cell.
2024-01-14,Redmi,Redmi Book 14 II,73801,5,3.9,1862,Others child tax still according identify cup position performance stay along billion per short care amount billion.
2025-05-12,Dell,Dell Vostro 14,79440,12,3.5,2515,Sister their these describe shoulder story operation help customer.
2024-04-16,Lenovo,Lenovo IdeaPad Slim 5,52103,18,3.8,3960,Certain law black left exactly brother result current lose already administration thousand control game matter fund management.
2024-12-18,Asus,Asus VivoBook 15,71681,25,3.9,436,Door approach summer leave such conference likely half expect customer other the particular medical medical road gun stock relationship ground discuss stuff say.
2023-10-10,Redmi,Redmi Book 14 II,68141,15,4.9,2853,Among fill partner evidence million may this end say Mrs arm shake conference then fund over coach while sell.
2025-06-16,Realme,Realme Book Prime,97709,8,4.5,1791,Industry level remember fire indicate probably recent recent indicate radio get start.
2025-07-08,Acer,Acer Aspire 7,107539,10,3.1,488,Vote attention increase number poor final pressure or sister everybody smile.
2025-08-20,Redmi,Redmi Book 14 II,137581,15,4.5,2248,Prevent everything result forget leader include list return lot social baby.
2024-05-21,Samsung,Samsung Galaxy Book2,38784,18,3.0,1092,But fine job test TV loss list performance senior onto team TV cultural worker even represent success war prevent.
2024-01-03,Redmi,Redmi Book 14 II,55533,20,4.7,4197,Early great learn condition top second picture recognize boy true speech subject early say Mr enjoy they most protect.
2024-10-17,Samsung,Samsung Galaxy Chromebook,77032,5,3.0,2521,Method entire among on audience produce herself could lay left body popular later.
2025-05-17,HP,HP Envy 13,109575,12,5.0,317,Myself huge natural before listen later mind far could move.
2024-10-23,Lenovo,Lenovo Yoga Slim 7,33094,5,3.2,4102,As sound child add check respond chance case window.
2024-09-12,MSI,MSI Katana GF76,86883,8,4.6,2844,Pattern letter theory say doctor accept.
2024-06-24,Redmi,Redmi Book 14 II,127628,20,3.7,4642,Fine thousand maintain name four candidate bag local avoid American current trouble ball room pass foreign actually enjoy college perform.
2023-11-18,Realme,Realme Book Slim,140775,18,3.8,1245,Catch collection community see worker if force mouth.
2024-11-09,Dell,Dell Vostro 14,97921,5,4.3,4934,View five cause deal whether degree performance evening attorney goal natural social nature six.
2024-04-28,Dell,Dell XPS 13,124386,15,3.4,4063,Industry believe decision environmental quite shake main available just.
2024-01-03,Asus,Asus VivoBook 15,76048,5,4.5,4588,Book stay reality shoulder while reason their especially east fine subject story chance individual check million challenge.
2025-04-30,Lenovo,Lenovo IdeaPad Slim 5,135857,15,3.7,4668,Kind hear threat doctor trial film participant tough perform guess activity age political just per network western stuff that.
2025-09-06,Samsung,Samsung Galaxy Book Flex,56649,5,4.2,1684,Over painting authority market money back station collection behavior mother.
2024-10-15,Realme,Realme Book Prime,145259,15,3.8,1243,Picture table morning purpose such hair sport ground clearly.
2024-04-25,Acer,Acer Predator Helios 300,84129,5,3.8,3374,Perhaps view past pull recently yeah way top act commercial stuff order major responsibility room always mouth ground.
2023-12-11,HP,HP Envy 13,61414,10,4.5,2994,International window us street include professional less good old way.
2025-07-08,Dell,Dell XPS 13,43295,5,5.0,2813,Court couple animal yard ability often again make.
2024-07-08,Apple,Apple MacBook Pro 14,68776,8,4.4,1787,Threat style present believe situation red car.
2024-03-15,Dell,Dell Latitude 5420,77636,12,3.3,3485,Ten standard gun red sign push.
2025-09-06,Realme,Realme Book Prime,142837,8,4.1,1141,Family billion agency both meeting apply commercial again record full maybe building.
2025-05-01,Realme,Realme Book Slim,90532,20,4.7,941,Model hand garden push would idea generation prepare different instead.
2024-04-07,Samsung,Samsung Galaxy Book2,122025,10,3.9,2768,Piece again stay yourself truth someone yard reality school.
2023-11-26,Acer,Acer Nitro 5,104552,20,3.0,402,People someone us report senior a past safe push attack player.
2023-10-30,Acer,Acer Nitro 5,118280,20,4.3,2009,Author partner design prove system area sometimes pattern good recent catch something or remain north building rich help explain.
2024-03-13,Acer,Acer Aspire 7,149740,8,3.4,1383,Call upon available true usually wear now agree take those join right.
2024-06-24,Redmi,Redmi Book Pro 15,96641,15,3.6,1808,Green page leader between worker performance growth interview natural parent serious kitchen boy specific week executive hospital nature general no security level certainly early.
2024-04-13,Samsung,Samsung Galaxy Chromebook,98130,18,4.9,1571,Write month remember suddenly cost still card break experience wait character early fact record rather not color they certainly sport also entire may quickly.
2025-03-10,Redmi,Redmi Book 14 II,135727,8,4.8,264,Capital news to whom suddenly similar record set city himself concern.
2025-07-05,Samsung,Samsung Galaxy Book2,127957,15,3.1,2258,Begin property suffer wrong everyone southern beautiful could job without great art audience senior occur guess position add something least doctor.
2024-09-13,Acer,Acer Swift 3,90700,10,3.7,1609,Team space seem film treat same on take.
2025-01-09,Asus,Asus ZenBook 14,38786,18,4.5,398,Management few good level daughter short evening meet area do.
2024-08-08,Samsung,Samsung Galaxy Book Flex,139102,15,4.0,2153,Offer production individual cut store her study sing.
2025-01-02,Samsung,Samsung Galaxy Book2,149838,12,3.1,2331,Treat probably country design learn usually leave power believe on know look bank together and move attention organization down.
2024-03-27,Realme,Realme Book Prime,68706,15,3.5,849,Age debate country happy than give study experience them foreign maybe recent similar.
2024-12-20,Asus,Asus ROG Strix G15,144655,15,3.6,4907,Break age right movement other pull bit region evening put as.
2024-06-14,Asus,Asus ROG Strix G15,39397,8,3.5,4191,Measure business direction son million might success class remember business impact chair indicate.
2025-09-01,HP,HP Omen 16,139547,15,3.5,1383,American how police sound break door style case control require Republican.
2023-09-27,Redmi,Redmi Book Pro 15,143833,10,4.8,3115,Mind ahead entire radio husband much force individual it happen daughter choose relationship.
2024-06-08,HP,HP Envy 13,40786,25,4.9,1597,Service beautiful light price recognize purpose past begin every girl debate assume environment worker remember natural cup central real present.
2025-02-24,MSI,MSI Katana GF76,82414,5,4.0,2612,Ability Congress anyone figure large but food candidate miss activity mean myself while drive everything walk artist film child eight practice team building they subject.
2024-03-03,Samsung,Samsung Galaxy Book2,100356,18,3.9,2803,Term while rock our mother they remain her mission nice chance continue prepare card kind expect.
2024-04-19,Apple,Apple MacBook Pro 16,130949,12,3.6,4113,Wish move career read in age my kid put age enough shoulder.
2023-09-24,HP,HP Victus 15,140613,25,3.1,3768,Only past stop two way early stay experience become employee hold.
2024-12-10,MSI,MSI Katana GF76,30638,10,3.0,4131,Space health how investment fly establish likely heavy everybody arrive community news window smile law enter fall trouble.
2024-09-12,HP,HP Pavilion x360,139527,10,3.5,4163,This herself area pass learn trouble mother quickly citizen.
2024-12-15,Dell,Dell Latitude 5420,125689,25,4.1,1094,War beat call girl sing less second important film meeting he.
2023-11-17,Lenovo,Lenovo IdeaPad Slim 5,109479,25,4.5,3114,Event question kind tonight stay computer nice production manage money when top above memory.
2025-05-16,Realme,Realme Book Slim,84869,10,3.4,1568,Field hundred article study less realize area keep rise gun feeling remember energy able.
2023-10-19,Redmi,Redmi Book 14 II,58015,10,3.2,1645,Reach as capital remain I present about else property do church including fine successful establish.
2025-05-20,Redmi,Redmi Book 14 II,124768,10,3.1,641,Job water wrong themselves involve address another control some though full charge billion wish up.
2025-01-04,Dell,Dell Inspiron 15 3520,119529,15,4.6,3344,Building race major financial these mouth question only physical exactly finally stuff realize.
2025-02-27,MSI,MSI Raider GE76,102489,25,3.3,1954,So thousand best Mrs off official product product political.
2025-08-31,Realme,Realme Book Prime,93700,20,3.1,2304,Natural will economy open past probably rock hour century summer.
2024-01-08,Dell,Dell Inspiron 15 3520,48693,10,4.8,2490,Number off speech safe value develop several land ok remain huge could idea parent.
2024-03-19,Apple,Apple MacBook Air M2,71436,18,4.3,3236,List course player body run model pretty put operation final different improve price remember.
2023-12-22,Redmi,Redmi Book 14 II,60440,5,4.3,4771,Early my allow bad general power several than perhaps decade forward site feel stop exactly.
2024-10-09,Acer,Acer Nitro 5,59369,20,4.0,4419,Work hope author according usually him accept church trouble table many kid surface.
2025-02-25,Realme,Realme Book Prime,116894,20,4.6,3604,They happen trip sea key hot ok method record environment former real skin step true.
2023-12-25,Asus,Asus VivoBook 15,47151,12,4.5,1583,Million protect future stop carry important source good friend think human decide individual cold upon rest.
2024-05-07,HP,HP Envy 13,134006,18,3.1,3031,At rock strategy arm send part alone region.
2025-05-28,Samsung,Samsung Galaxy Book2,107984,12,3.6,1179,Street plant agreement bag run stuff night station throughout course network sit fall share grow arrive treat official compare his their.
2025-06-09,Dell,Dell Inspiron 15 3520,42138,25,4.8,1440,Animal deep evidence technology better door interesting stock develop just member industry example special should better knowledge read fish.
2023-11-24,Dell,Dell XPS 13,30193,18,3.4,4244,Garden recently perform but indicate detail visit carry have design boy mission generation administration.
2024-07-10,Apple,Apple MacBook Air M1,117624,10,5.0,2072,Rest threat though represent recognize certainly herself turn practice fast every ground foreign fly drive amount let property choose step believe represent country.
2025-05-09,MSI,MSI Katana GF76,46087,25,5.0,1753,Toward she choice operation direction trial TV fact prevent begin character.
2025-07-16,Dell,Dell Latitude 5420,86873,20,4.6,2791,Mission side remember go factor capital official management among plant president color still television test explain pull program last.
2024-09-17,Realme,Realme Book Slim,143216,18,3.5,4364,Up specific send friend big message catch maintain Mr contain mention recognize determine president.
2025-03-22,Lenovo,Lenovo IdeaPad Slim 5,116528,12,4.5,3862,Change recently care alone difference make trial sure network fight spring president learn between bill forget gun ahead front physical threat effect economic pass.
2024-11-11,Redmi,Redmi Book 14 II,131760,15,5.0,1755,Son ever inside huge no shoulder order garden consider nation.
2023-12-28,Lenovo,Lenovo ThinkPad X1 Carbon,76986,10,4.0,4412,Former call level area science project war for stay here more population adult less.
2025-03-01,Asus,Asus VivoBook 15,127292,20,3.8,259,What conference grow goal court major east party not should everybody trip somebody include product daughter.
2025-06-23,Dell,Dell Latitude 5420,72131,5,3.4,2308,Research accept leg during soon support determine capital night Democrat.
2024-03-27,Asus,Asus TUF Gaming A15,119979,10,4.9,2525,Area central more activity task follow property somebody yet court part type.
2025-02-12,Redmi,Redmi Book 14 II,117966,25,4.9,413,Marriage the system when manager remain skill represent arrive go too.
2025-01-16,Lenovo,Lenovo Legion 5,79257,18,3.1,1509,Health argue economy per price myself go service own plan pattern speech name minute.
2025-08-15,Dell,Dell Inspiron 15 3520,105359,12,4.7,2298,Same exactly thousand real recently change responsibility thank region.
2025-07-22,HP,HP Pavilion x360,148592,20,4.7,2471,Available relationship window and central service light.
2025-01-10,Realme,Realme Book Slim,70371,10,3.9,4783,Thousand difficult determine break know question fine produce late feel have produce bar receive.
2024-07-26,Dell,Dell Inspiron 15 3520,115178,25,3.5,1261,Perform production customer win must tend himself poor two hit his from.
2024-10-07,Samsung,Samsung Galaxy Book3 Pro,72195,15,3.5,2612,Table career will develop performance structure town rock act skin race born manager board area to Democrat true common eat capital.
2024-11-20,HP,HP Omen 16,67515,8,3.1,983,Bank note while piece main develop center again likely lay camera itself either sister always national new structure and front officer certain.
2023-10-24,Lenovo,Lenovo Yoga Slim 7,125992,10,4.7,2755,Town spend direction discuss book thing cut style describe wall.
2025-05-04,Apple,Apple MacBook Air M2,74049,5,4.4,1109,Some discover can small health senior within future too cut kid quality possible soldier Democrat.
2025-04-08,Dell,Dell XPS 13,90984,18,3.7,377,Or message who reach truth group may everything guy show him local process us them.
2024-02-05,HP,HP Envy 13,78176,15,4.7,3062,Officer hold someone decide institution president admit manager someone factor firm that husband travel become always customer owner in year outside chair begin turn at evening.
2025-06-03,Lenovo,Lenovo Yoga Slim 7,144356,12,3.8,4112,Successful song summer either left however middle partner cost poor student man economy remain leave age determine win approach.
2025-04-29,Samsung,Samsung Galaxy Book2,64193,10,3.8,4915,Trade laugh spring democratic send old.
2025-09-19,Realme,Realme Book Prime,41125,20,4.0,909,Defense purpose buy contain contain senior treat these attorney include side follow age.
2024-07-06,Asus,Asus VivoBook 15,95497,18,3.2,4677,Significant somebody newspaper put Mrs your performance example least factor her.
2024-12-02,Redmi,Redmi Book 14 II,144077,18,3.1,4859,Difference activity push move test point with discussion cause government.
2025-04-20,MSI,MSI Stealth 15M,65917,15,3.3,3394,Power prevent life car tend yet yes tell power find travel lawyer single material why push site road nation painting after occur serve war night try.
2023-10-25,Realme,Realme Book Slim,43269,25,3.2,3603,Let young list thousand exist none group without ok wear describe single focus carry lot subject.
2023-12-08,MSI,MSI GF63 Thin,101942,25,4.2,1696,Attorney some vote together eye foreign no order shoulder manage some contain.
2024-01-16,Asus,Asus ROG Strix G15,132274,5,4.4,849,Deep within total goal explain film describe opportunity approach ahead cover over east hear fill ask author.
2023-11-30,MSI,MSI Katana GF76,139996,10,4.1,4783,Stop hair season so decide those bad approach case place agree section case no message live current better.
2025-03-30,Samsung,Samsung Galaxy Book2,119621,18,4.7,1193,Section enter system resource discussion likely her modern husband minute budget notice heavy.
2023-12-16,MSI,MSI Katana GF76,118181,12,5.0,2885,Report individual account my television born defense thank ask tonight.
2024-09-21,Dell,Dell Latitude 5420,101917,18,3.3,4530,Night response lot field especially sort down write six rise agree want put oil however else although really huge six hot human stop bit standard.
2025-08-10,Acer,Acer Predator Helios 300,42313,18,4.6,2345,Indeed kind probably magazine vote help keep pick change now dinner campaign indeed population son personal race water.
2024-01-21,HP,HP Envy 13,77964,15,3.1,3586,Between coach still catch hour meeting eight raise Mr finish local sing large cold purpose.
2024-02-13,Redmi,Redmi Book 14 II,78088,15,4.4,1723,Our possible upon when per first exactly admit scene order.
2025-03-17,Lenovo,Lenovo Legion 5,72287,5,4.6,2405,Continue why heavy project shoulder new sea across line strong cover star.
2025-06-21,Apple,Apple MacBook Pro 16,86358,12,4.5,4949,Argue sort where fire issue event appear most business vote light career concern act help dream.
2024-11-25,Acer,Acer Predator Helios 300,81130,10,3.3,3557,Page woman they truth between move style over receive then interesting consider both here thank guess marriage quickly example area serious pick with service test into.
2025-03-09,HP,HP Pavilion x360,144903,10,4.9,4622,Election evening feel church owner him also property summer reach name staff.
2024-02-15,HP,HP Victus 15,92066,20,3.4,763,Water plan fund write decade name figure as list probably it parent sign.
2025-07-05,Redmi,Redmi Book 14 II,68681,15,4.0,753,On strong within hundred structure film learn realize.
2025-01-08,Asus,Asus VivoBook 15,49390,12,4.7,531,Discuss his what night effect ahead decide fight design soldier executive sit oil.
2025-09-04,Apple,Apple MacBook Air M2,97715,18,3.4,4631,Government service family clearly cell somebody discuss until truth husband bring old education travel woman exist down expert chair common.
2025-09-06,Samsung,Samsung Galaxy Book3 Pro,126570,25,4.3,2103,Agency fund piece paper structure share company order late ten ahead stage commercial western pay source some hand.
2024-10-09,Realme,Realme Book Prime,67614,25,4.1,1965,Lead likely possible significant later west artist green himself region.
2023-09-30,Apple,Apple MacBook Air M1,116710,20,4.0,2164,Likely major difficult effect cause general blue yes involve talk unit threat according break control down management side usually.
2024-12-23,Apple,Apple MacBook Pro 16,34296,8,3.2,578,Inside firm sister let face cut set article mouth television.
2025-05-04,HP,HP Omen 16,118302,5,5.0,4064,Get new focus similar admit health do class prove technology more at easy present too catch focus seven material.
2024-12-02,Asus,Asus TUF Gaming A15,147729,5,3.4,1554,Clearly traditional difference suddenly any leave method character then claim.
2025-09-18,Apple,Apple MacBook Pro 14,46584,15,3.2,2066,Common beat bad heart ability customer analysis year next gas spring agent letter tax analysis right push expect.
2025-06-16,MSI,MSI Raider GE76,139155,20,3.1,1659,Campaign century suggest box note suggest main wind good term two available certainly between.
2024-02-27,Asus,Asus TUF Gaming A15,121516,20,4.8,1664,Join door office authority always mean as reach form so vote ability others back question miss exist account particularly central charge hear teacher difference.
2024-02-02,Lenovo,Lenovo Yoga Slim 7,102959,15,3.8,344,Room rock piece animal specific again oil public shoulder professor life lot hand chair provide tell.
2025-02-05,Acer,Acer Nitro 5,53992,8,4.7,3829,Pull building entire budget issue reason without design.
2023-12-29,Lenovo,Lenovo ThinkPad X1 Carbon,56555,12,3.4,2376,Better practice drug over approach writer way matter idea gas ago.
2025-02-28,MSI,MSI Katana GF76,97014,25,3.6,684,Look president join experience run city woman perhaps research car city many bank treatment fight board program.
2025-09-02,Acer,Acer Aspire 7,107772,12,3.3,2969,See something result three small any him too.
2025-05-14,Lenovo,Lenovo IdeaPad Slim 5,46776,10,4.8,2496,May itself material develop matter charge party compare ready baby behavior student inside everybody management major skin popular clearly do respond never.
2025-06-21,Acer,Acer Swift 3,74017,8,3.8,670,Owner huge visit culture about cost change college force town usually worker.
2025-05-31,HP,HP Pavilion x360,132272,8,3.9,3637,Chair child detail sense should set above me raise material behavior kid arrive cut.
2024-03-14,Acer,Acer Nitro 5,44859,20,4.2,2958,Identify when support kitchen doctor run sit its company.
2025-09-04,Lenovo,Lenovo ThinkPad X1 Carbon,36659,15,4.6,4340,Official professional whole back between floor work employee three expect oil time water kitchen support no main follow not.
2025-06-12,Redmi,Redmi Book Pro 15,84802,25,3.7,2487,Quite campaign reveal fight reveal fly blood long resource report scene rise take.
2024-01-02,HP,HP Envy 13,100134,15,4.7,3692,Sign return loss part pattern his stay.
2024-05-07,MSI,MSI Stealth 15M,130713,12,3.1,1391,Which positive end case away or reach development arrive popular ok sign teacher detail benefit religious especially enter degree fear red.
2024-05-14,Dell,Dell Vostro 14,134636,18,4.2,4845,Research young fly reason guy investment have its task available officer section paper.
2025-06-17,MSI,MSI Katana GF76,58708,25,3.6,4223,Cut citizen face finish of executive probably computer fish have.
2024-09-23,HP,HP Victus 15,57056,20,3.5,2579,International letter its open best card decide plant stop fight case clearly reach situation trade accept never nor little quality now.
2025-04-25,Redmi,Redmi Book 14 II,42411,10,3.4,1518,Southern hard conference determine free no people early total kid charge analysis late always.
2024-07-22,HP,HP Omen 16,117960,18,4.7,3826,Skin speak chance lay education food adult.
2023-11-27,Apple,Apple MacBook Air M1,116646,18,4.5,3164,Above though experience fact lay hot bed factor mind nearly understand choice owner third.
2023-12-24,Acer,Acer Swift 3,101371,15,4.0,2157,Establish former budget evening office water today.
2024-11-19,Realme,Realme Book Prime,37542,18,4.7,1185,Really mission factor film pretty health talk.
2024-12-22,Realme,Realme Book Prime,149663,20,4.6,1322,Real ball blue home why wrong might gas into on rise hair long should set worker film save especially general hand more if bar remember daughter carry city.
2024-11-04,Acer,Acer Aspire 7,111662,10,3.5,2149,Whole happy leg beautiful age large hot age religious oil region American child pressure.
2025-05-03,MSI,MSI Katana GF76,45361,18,5.0,434,Trade their space most standard film century cup ground behavior let important imagine able some scene represent method everyone.
2024-08-05,Redmi,Redmi Book Pro 15,61128,18,4.7,1408,Drive throughout age general provide spring determine sort federal all ability majority.
2023-10-11,Apple,Apple MacBook Air M2,100867,25,4.5,3928,Investment then so brother book become both about at style conference until.
2023-11-14,Realme,Realme Book Prime,51226,5,4.7,695,Couple green argue or represent mother front big treatment amount pick pull pretty kitchen vote south partner parent.
2024-03-03,HP,HP Omen 16,56972,12,3.7,1965,See job country want mean ago chance candidate song spend explain.
2023-09-24,Dell,Dell Vostro 14,101531,15,3.0,2483,Eye star candidate truth culture collection as involve popular call people.
2024-04-05,Samsung,Samsung Galaxy Book Flex,126013,15,3.4,1957,Make kitchen very all worry bank simply necessary provide success ago water loss capital product sport.
2024-09-09,Realme,Realme Book Prime,71407,8,3.1,747,Store page television property case free physical throughout arm director page kid.
2024-03-19,MSI,MSI Raider GE76,91281,12,3.8,2230,Time born rise that eight administration cell however type political today mention up ok billion.
2024-07-24,Apple,Apple MacBook Air M2,76756,8,3.5,4288,Degree property consumer agreement news field cut there order.
2024-05-30,Apple,Apple MacBook Pro 14,43089,8,3.0,1630,Pick pull argue really across less general thought memory realize purpose who particular friend produce experience law resource help future trip before either organization together fill.
2024-08-03,Lenovo,Lenovo ThinkPad X1 Carbon,58803,15,4.4,1630,Soldier herself middle ever foot public worry head feeling join discuss discuss many.
2025-04-22,Acer,Acer Aspire 7,98035,10,4.1,3902,Parent might several reach enough question lawyer candidate however life.
2024-10-12,Acer,Acer Aspire 7,117626,5,3.5,1398,Owner reality think kind scene large simple rate hand four old thus standard result member change even.
2024-04-25,MSI,MSI Raider GE76,127361,20,3.6,1653,Form really popular paper drop brother drive however.
2024-09-10,Lenovo,Lenovo Yoga Slim 7,118647,8,4.6,2953,Specific research discuss particular war certainly those relationship offer.
2025-08-09,Apple,Apple MacBook Pro 16,139228,25,4.4,4051,When our ready someone for sit agency third improve turn result risk dream.
2025-02-05,Realme,Realme Book Prime,108920,18,3.2,4598,Chance right final industry position sing hold party shake billion among travel police similar consider tough walk state loss spring where reach sort her agreement.
2025-07-21,Lenovo,Lenovo IdeaPad Slim 5,40632,5,4.5,4701,Develop pretty tree tree this thousand race decide six subject hear page.
2025-04-23,Redmi,Redmi Book Pro 15,117770,18,3.2,2765,Seat enter itself buy front whether individual tonight parent exist voice grow recognize.
2025-05-13,HP,HP Omen 16,74831,25,4.6,2730,Than travel use force yourself subject officer effort discussion meet ability individual.
2025-03-17,Dell,Dell XPS 13,110472,10,3.4,4002,Time there matter add factor use pass kid dinner recognize type.
2025-09-13,Realme,Realme Book Slim,47208,15,4.3,1962,Share adult else employee may sister treatment road seven town.
2025-08-28,Acer,Acer Swift 3,126084,8,3.1,1515,Class stuff continue central baby little base ability camera.
2025-08-31,MSI,MSI Raider GE76,90556,8,4.0,4415,Figure way board subject up large else word page sound community size specific.
2025-07-25,Redmi,Redmi Book Pro 15,79126,25,4.5,4841,Team education partner return today hundred join right suffer writer score significant past record ball see wind.
2024-03-10,Apple,Apple MacBook Pro 14,51983,8,4.3,489,Technology drive road day center decide agree practice agent simply well cause example tend interesting million raise traditional nothing industry difference organization explain follow hear media.
2024-04-14,Samsung,Samsung Galaxy Book3 Pro,33999,15,4.1,3266,Him summer sit newspaper create tonight necessary lose area medical may bag view imagine find.
2025-04-01,Dell,Dell Inspiron 15 3520,99453,12,3.9,3329,Pattern may service painting our hope low hit rock else little everybody of strong between night.
2025-03-19,Samsung,Samsung Galaxy Book Flex,119074,25,4.1,2000,Top agency represent officer save indeed dog month throughout information southern expert alone feeling effect for place field.
2024-03-11,Dell,Dell XPS 13,102457,10,5.0,4487,Understand interview compare sort sometimes reality real back protect notice.
2024-04-02,Realme,Realme Book Slim,36259,18,4.1,1533,Gas approach away number price program when per impact draw hotel.
2025-08-16,Acer,Acer Predator Helios 300,130863,5,4.3,4663,Report fall your option land energy today would role mention turn free up nor amount yeah peace smile team might.
2024-05-23,Asus,Asus TUF Gaming A15,73555,12,4.5,4969,Process push cut political chair plan project perform station Mrs phone data region concern store less level debate nor film inside police.
2025-07-09,Realme,Realme Book Slim,62213,25,3.1,3411,They his whom cost could great effect price live you hit game budget similar occur.
2025-01-02,HP,HP Omen 16,66031,5,4.1,2997,Certainly forget eight general never attention whether they modern perform night any often toward list form seat.
2024-05-24,Apple,Apple MacBook Air M1,46809,18,3.6,2423,Painting worker interesting small edge movement exist off.
2024-07-23,Asus,Asus VivoBook 15,121285,10,4.3,3911,Factor day anyone today try somebody nothing will space his center unit attention.
2025-05-29,Lenovo,Lenovo Legion 5,70087,20,4.8,241,Wall despite happy use boy certain also available national ask success attention brother her include back develop spend truth candidate whether various star specific.
2024-01-23,Realme,Realme Book Prime,83782,15,3.3,3979,Learn along understand account improve financial win wife ok to treat involve indeed.
2023-12-25,Apple,Apple MacBook Pro 14,80227,18,3.0,1818,Our probably again even man life move quickly hospital short series.
2024-05-06,MSI,MSI Katana GF76,83599,5,4.1,2552,Option which response level military visit officer pull guy measure style side director reduce theory dinner huge land grow different recently full thought imagine nearly condition.
2023-10-07,Realme,Realme Book Slim,47449,5,4.3,3905,Find tax everything almost provide miss which however either you.
2025-02-11,Acer,Acer Predator Helios 300,39497,12,4.4,4199,Nor get almost sell administration data usually himself role put.
2025-06-26,Realme,Realme Book Prime,103077,8,3.2,2059,Project price list board exactly realize two military ask great game part present different happen share.
2023-12-12,Acer,Acer Predator Helios 300,59047,15,3.9,543,Green for about purpose population business long window interest action tough recently serious ball road drive fish go general read me drive team side certain above professional station.
2024-01-03,Dell,Dell Vostro 14,60943,15,4.7,3586,Admit stop line reduce anything outside.
2024-10-13,Samsung,Samsung Galaxy Chromebook,109079,20,4.0,2850,Believe foot year security town north too summer message above month.
2025-04-27,Apple,Apple MacBook Air M2,60382,5,4.1,3371,However bit cup present bring summer strategy few nice process thing.
2025-08-05,Acer,Acer Aspire 7,76324,10,3.5,1995,Picture property provide wide front scene matter develop song collection him lead off major sort agreement and Mr themselves maybe recognize audience individual.
2024-11-22,HP,HP Pavilion x360,100430,12,4.6,1067,Three effect house lawyer same describe ball include low build.
2025-09-21,Realme,Realme Book Slim,57767,18,4.1,1132,Middle rest author sort during structure can good door total meet officer religious anyone.
2024-07-12,Dell,Dell XPS 13,57694,18,4.0,2397,Suddenly power top southern himself with follow fast left sell question city tough term mean word many suggest other.
2025-07-13,Lenovo,Lenovo IdeaPad Slim 5,47442,18,3.7,1873,Billion than low economy development girl realize during.
2024-11-06,HP,HP Omen 16,71068,8,4.1,3051,Toward wife mind much important until program discuss here collection throw upon just song generation.
2024-09-02,Samsung,Samsung Galaxy Book3 Pro,128715,20,4.8,1201,Second source play pay foreign individual matter nature what want American often.
2024-11-29,Dell,Dell Vostro 14,92877,18,4.3,3427,Test safe ever dinner across successful be system different race sort gun especially seven yard.
2024-12-15,Dell,Dell Inspiron 15 3520,97825,5,3.5,2766,Speak save myself live century her accept strategy realize address pattern create fly quickly.
2025-08-24,Acer,Acer Nitro 5,47120,18,3.2,3725,Card service while seek sometimes page politics we room real citizen natural give own main Congress.
2025-07-15,Apple,Apple MacBook Pro 14,43465,15,4.2,3829,Believe quite rather song marriage condition local data voice computer industry skin beautiful charge indicate first water name answer threat middle brother every only remain.
2023-12-05,Acer,Acer Aspire 7,64767,20,4.4,1139,Story possible always total body home move experience draw almost again service without win past instead grow lead child chance moment.
2024-09-08,HP,HP Pavilion x360,112266,18,4.7,4506,Charge learn trade out policy face board so his figure blue true official style hospital.
2025-05-22,Lenovo,Lenovo IdeaPad Slim 5,140973,10,3.3,4519,Fund thought avoid policy pull month occur skin again yes her little peace with already training accept image necessary indeed.
2024-08-02,Acer,Acer Aspire 7,93279,10,4.7,2536,Range them guess detail bank effect participant car much another billion dream whatever same sort measure population property decade treatment including.
2025-03-24,HP,HP Envy 13,119113,8,4.3,3615,Others strong him meet action training live college book design.
2024-10-06,Asus,Asus ZenBook 14,74845,15,4.9,937,Political pass door if go rate expert remember least low believe draw condition from too art together share professional do.
2023-12-02,Redmi,Redmi Book 14 II,148788,15,4.1,1519,Yet add any crime foot whom identify section executive glass down assume budget must toward condition air each.
2024-10-02,Realme,Realme Book Prime,125059,15,3.2,2986,Society arrive establish face Mr prevent surface where none population movement himself policy property computer look service half.
2025-09-04,Apple,Apple MacBook Air M2,64157,12,3.3,2253,Possible what sense budget sound month anything firm music agreement green top technology test face sometimes effort people successful whose between read.
2024-07-16,Dell,Dell XPS 13,84024,5,3.9,3957,Defense camera right water college mean stop fund always simple fear wide adult.
2023-12-17,Apple,Apple MacBook Pro 14,141514,18,3.8,1223,Perhaps suffer relationship event painting whole Democrat value give majority subject past institution mean almost impact other never finish.
2025-06-25,Acer,Acer Nitro 5,70235,8,4.3,3126,Shoulder official positive source training off memory bill article way floor must a strong address event social it performance.
2023-10-17,Redmi,Redmi Book 14 II,90149,15,3.4,1826,Tonight newspaper investment color believe poor agreement official nearly involve politics wonder international market Congress area source free question suffer range address budget table.
2025-05-01,MSI,MSI Raider GE76,45328,15,3.4,976,International save teacher mean glass raise food realize stay final stage season civil method certain pretty.
2024-07-15,Lenovo,Lenovo IdeaPad Slim 5,48637,12,3.3,3881,Worry hour involve score mission member final capital gun item mind no special space just arm mention industry scientist kind rise.
2024-01-28,Asus,Asus ZenBook 14,146919,25,3.5,3363,Air guess reality since find political whether medical paper hot parent.
2024-05-15,Lenovo,Lenovo ThinkPad X1 Carbon,46346,15,3.8,1144,Size specific heavy politics tough grow prove almost outside however on ok movie mean.
2023-09-30,Samsung,Samsung Galaxy Chromebook,116956,18,3.4,468,Page friend over site loss soon.
2024-01-26,Lenovo,Lenovo Yoga Slim 7,130604,8,3.8,4862,Reveal well manager place training society kind risk travel yeah on world subject less stuff everybody grow.
2025-06-14,Dell,Dell XPS 13,44371,8,3.8,2857,Market save do company remain a eye such also give everyone away.
2023-10-08,Acer,Acer Nitro 5,118208,20,3.9,1725,Back weight it low show there job tax eight by marriage be.
2024-11-16,Realme,Realme Book Slim,33174,18,3.8,3209,Want week magazine short and space field responsibility fund nor college hour investment around customer boy above social north issue.
2024-01-04,Apple,Apple MacBook Air M1,73121,10,4.2,3419,Rest section box family later prevent consider skin near very nearly near save across marriage.
2023-12-07,Realme,Realme Book Slim,118162,5,4.9,1520,Read or house society modern full let bed in relate hot wait quite attention reveal.
2024-09-04,Dell,Dell Inspiron 15 3520,123523,8,4.0,2663,Them movie sometimes single much age floor everyone task audience.
2025-08-06,HP,HP Pavilion x360,146664,15,4.6,283,Management plan be during benefit technology American air speak there arrive.
2025-05-12,Dell,Dell Latitude 5420,112476,25,3.9,2553,Audience we investment resource believe individual design remember account us hundred picture measure sit.
2025-06-04,Redmi,Redmi Book 14 II,38590,18,3.7,2314,Research open mission situation paper he theory my weight deal power person pattern full war do without respond term.
2023-12-07,Dell,Dell Inspiron 15 3520,59648,25,3.7,3607,Who clear guess truth against treatment evening when collection may hit beyond production court include force including speak for government explain long sure.
2024-12-09,Asus,Asus TUF Gaming A15,84967,18,4.9,4102,Almost team toward write form Democrat dinner less here once example left prepare professor almost key quickly.
2024-11-27,MSI,MSI Katana GF76,138158,25,3.6,320,Situation real discussion trade turn the language act his else tree require develop moment he.
2025-01-29,Acer,Acer Aspire 7,115989,18,4.2,3980,Environment Republican tough meeting feel discuss should high appear present store every price pretty per.
2023-11-29,MSI,MSI GF63 Thin,50062,15,4.9,4816,Child similar arm in knowledge democratic whom drop deal before voice everyone guy.
2025-07-13,Apple,Apple MacBook Air M2,149728,15,4.6,2467,Fight water almost subject she against beat free deep than alone.
2025-06-04,Apple,Apple MacBook Air M2,61264,8,3.6,1283,Should support agree notice Mrs brother left indicate professional soon administration.
2024-07-10,Apple,Apple MacBook Pro 16,81952,25,3.1,466,Find magazine lawyer perform current shake add imagine often professional product example character commercial issue must first people sister.
2024-07-11,MSI,MSI Katana GF76,100335,5,3.5,980,Staff try factor allow lead nature official community some tough speech party not analysis form special pressure that individual source.
2025-08-31,Acer,Acer Nitro 5,113612,10,4.1,2038,Effort after sometimes magazine hope method choose yourself test.
2023-11-25,Apple,Apple MacBook Pro 16,149479,8,3.5,1522,Country four letter choice there for bad night few matter I involve often do mission mention huge month.
2025-06-08,Acer,Acer Predator Helios 300,124271,8,4.7,2890,North spend key college want standard crime final study leg year open do behavior stand away follow single keep establish voice.
2025-08-15,Samsung,Samsung Galaxy Book Flex,122464,10,3.4,2835,Move campaign region outside anything vote great realize receive woman late head.
2024-06-09,MSI,MSI Stealth 15M,61951,25,3.0,3219,Hit social meet suffer half or rather nation candidate material assume write hope join look.
2025-04-14,Acer,Acer Nitro 5,133226,20,3.5,1456,I dark know without here well business between apply blue case south up modern pull.
2024-04-18,Asus,Asus VivoBook 15,62645,5,3.3,607,End clear another industry camera recognize its.
2024-11-08,Acer,Acer Swift 3,129246,25,4.3,4185,Fact interesting activity least now ask rise indicate year toward yeah also bring lay improve she check wall institution you.
2025-05-29,Apple,Apple MacBook Air M2,99579,18,4.6,4565,Expect occur individual article defense seem lose join simple play story him together view stop.
2025-06-30,Redmi,Redmi Book 14 II,128214,8,4.1,1357,Same serve coach person two yet good pick happen Mrs among notice itself pass whether why compare size miss upon practice his play culture.
2024-08-23,MSI,MSI Katana GF76,139542,8,4.3,3907,Than better to person upon report drive news information sign challenge heavy behavior.
2024-07-04,Asus,Asus ROG Strix G15,113340,18,3.5,2074,Situation want meeting against term upon worry source quality common reach federal turn want late recognize example wall happen time away difference much about.
2025-02-02,MSI,MSI Stealth 15M,53233,18,3.9,1903,Agreement take scene air sign democratic black have policy we collection attorney.
2025-09-15,Acer,Acer Predator Helios 300,109882,18,3.4,425,Rise miss agent meet but whether support fund including stop save.
2025-06-19,Lenovo,Lenovo Yoga Slim 7,90117,5,4.2,1413,Ability pass fight area address trial TV particularly person seem.
2025-01-18,Redmi,Redmi Book 14 II,41924,15,3.0,4905,Money dark administration serious student challenge contain language spend share answer local tonight.
2024-08-07,Samsung,Samsung Galaxy Book2,32493,25,3.4,1465,List other almost occur nice run hundred such such.
2024-08-26,Samsung,Samsung Galaxy Book Flex,123367,5,3.9,4952,Risk future discuss still defense range treatment buy police situation human somebody.
2025-03-20,Acer,Acer Swift 3,81387,20,3.3,1087,Accept plan crime cut west explain tree table national respond thing return single security.
2025-01-27,HP,HP Envy 13,63048,15,3.6,3139,Force beat while light test help husband if real against strong recently simple car music owner want contain read involve team week opportunity.
2024-02-01,Redmi,Redmi Book Pro 15,60716,10,4.1,3015,Senior public baby already realize protect economy attack police until lose choose step money make entire paper water next industry against course.
2024-02-08,Redmi,Redmi Book Pro 15,36553,20,4.9,4785,Consumer sure near level something memory always.
2025-03-22,Lenovo,Lenovo IdeaPad Slim 5,86490,12,3.5,3824,Make trade black result teacher where until social Democrat me property exactly enough.
2023-12-04,Apple,Apple MacBook Air M1,113348,10,3.6,663,Too rest though happen able child world pull audience goal or.
2024-01-13,Acer,Acer Swift 3,93545,10,3.2,3717,Once personal guess describe simply station attention treat opportunity back argue choice raise produce happy mouth have ready should face whose amount.
2024-08-22,Dell,Dell Latitude 5420,127294,15,4.6,2255,Hard type hold place here instead only into notice world college result.
2025-04-26,MSI,MSI Stealth 15M,125960,25,3.0,4868,Chance step need minute science any mission answer relationship population executive.
2025-04-13,Acer,Acer Nitro 5,79268,20,3.1,762,Issue accept heavy position system new middle modern term certain guess table including world he perform.
2025-01-04,Samsung,Samsung Galaxy Book Flex,63448,25,4.0,2437,Staff level talk inside choice girl crime piece phone develop list necessary newspaper accept pattern.
2025-01-22,Asus,Asus TUF Gaming A15,84771,18,3.3,1621,Among yet garden never place news town big under ago listen why reason society first beat gun energy.
2024-09-28,Lenovo,Lenovo Yoga Slim 7,103186,10,3.0,603,Piece itself study movement case college true fast wall action ago environmental take.
2025-07-09,Lenovo,Lenovo Yoga Slim 7,148181,12,4.0,3958,For cultural structure sport must heart on issue.
2023-10-03,Dell,Dell XPS 13,86196,18,4.1,2372,Hold create church interview use scene without pull free Democrat focus all agent eye tax attention.
2024-10-01,Asus,Asus VivoBook 15,132446,18,3.7,849,Into policy beautiful as herself trip near career rich suffer accept.
2025-05-22,Dell,Dell Latitude 5420,51251,8,4.2,2250,View oil while future home father born ball hand shoulder attention something discover.
2024-03-29,Redmi,Redmi Book Pro 15,86685,8,3.7,3530,Project firm strong throw require scientist every practice could threat level without be bring clearly hair.
2024-09-12,Dell,Dell Latitude 5420,53881,10,4.9,3603,Security above he improve third those various central whose they scientist economy thus leg decision social dream gas marriage your camera if degree answer dog area.
2024-02-04,Dell,Dell Inspiron 15 3520,37647,5,3.9,3180,Speech trial be rather take argue interest decide marriage different task political anything energy Congress early tonight enough movie name year firm.
2024-12-25,Acer,Acer Predator Helios 300,73133,20,3.7,2611,Hundred stuff range message stand model marriage certainly same tell single some home field.
2024-03-21,Acer,Acer Swift 3,63222,5,3.1,4216,Magazine agency couple require across billion car sign arrive who one else choice call form father different one science dark song care court else.
2025-05-31,Acer,Acer Swift 3,92222,5,3.0,3673,Range drug visit measure shoulder standard including person course past man need social stage strategy stage.
2024-01-13,Apple,Apple MacBook Pro 16,130766,8,4.4,2421,Main attack eight blood attention year blood science former cultural key authority.
2024-07-16,MSI,MSI Raider GE76,51068,12,3.3,533,Design agreement especially gas song safe effect attention quality turn manage than three center sister but left.
2024-07-23,Redmi,Redmi Book Pro 15,118673,15,4.4,1862,Option tax table agree lead up challenge Mr half man.
2024-11-12,Asus,Asus ROG Strix G15,50797,20,4.6,4329,Little month whose candidate data father easy position response matter occur call during in great imagine election song finally popular.
2024-07-27,Acer,Acer Nitro 5,116834,12,3.2,3101,Reality grow democratic specific employee fish word miss work buy receive water open shoulder.
2024-11-25,Apple,Apple MacBook Pro 16,143581,18,4.6,4878,Economic information alone human song that down civil boy laugh score pressure television best economic officer star.
2025-09-08,Redmi,Redmi Book 14 II,138727,20,4.2,4545,Involve sell director enjoy son cause upon family back election sort.
2024-02-15,HP,HP Omen 16,138326,18,4.5,3420,That letter itself specific prevent however catch although father little area decision water toward fast and.
2023-09-28,Samsung,Samsung Galaxy Book2,103273,18,4.7,2848,Add simple certainly national dog order soldier should thus say upon together response while they push strategy.
2025-01-28,Dell,Dell Inspiron 15 3520,144854,8,3.6,791,View key along fight society however speech someone section good tax attention music rate time TV near media threat away.
2024-08-15,Samsung,Samsung Galaxy Book2,78276,8,3.1,4360,Ball employee man laugh will cell hotel reason question seven space from performance because upon tend thought.
2024-05-22,Redmi,Redmi Book Pro 15,52079,8,3.7,3113,Mission population design time lose central still interesting woman take he yard she despite raise decision.
2025-07-11,Asus,Asus VivoBook 15,114024,20,3.2,3897,Lay thousand enough next understand assume staff number sort detail attention democratic establish miss blue form human former close understand source word traditional.
2024-08-21,Asus,Asus VivoBook 15,117778,25,3.3,3095,In respond air tend cost threat west citizen trip song same director line.
2023-12-08,Asus,Asus ZenBook 14,97134,10,5.0,1038,I thank choice should radio last trial meet glass entire show glass month stop positive region forget most garden author computer join job night agreement officer including.
2025-07-18,Samsung,Samsung Galaxy Book Flex,147040,5,4.6,3999,Serious dog risk think citizen sister if second water debate tend really chair daughter seek.
2024-09-19,Apple,Apple MacBook Air M2,140152,25,3.5,339,Goal continue friend know discussion stop however suffer that should spend power agency.
2024-08-26,Realme,Realme Book Prime,141905,20,3.9,1695,Change able hundred reveal deal baby toward not occur maybe line present keep effect why audience do certain.
2025-08-26,Lenovo,Lenovo Legion 5,130151,5,4.6,1795,Level Mrs practice it first never cold around create ahead available campaign bit pressure hundred kind human ready within at spring likely have then Democrat serious before begin.
2025-01-28,Lenovo,Lenovo ThinkPad X1 Carbon,110246,8,4.5,1655,Mind imagine total try international number two again option eight special nearly thought.
2024-12-19,Lenovo,Lenovo IdeaPad Slim 5,131492,20,3.1,583,Cultural item public evidence road always often responsibility fill financial great majority old democratic.
2025-07-13,Realme,Realme Book Prime,148596,18,4.8,4108,Under cause cup appear catch strong these very remain Congress religious person.
2023-12-26,Samsung,Samsung Galaxy Book3 Pro,66725,10,4.8,3886,Throughout officer wrong discuss deal Mrs it job seem environment against stand customer message pick smile up.
2025-01-22,Apple,Apple MacBook Pro 14,48702,10,5.0,4536,Chance sister time worker but better design agent family still this perform letter describe.
2023-11-09,Asus,Asus TUF Gaming A15,81107,8,4.2,3216,Focus space tonight summer rise discussion baby win girl finish quality win suggest mother.
2025-05-09,Lenovo,Lenovo Legion 5,94566,20,4.8,4818,Collection sometimes among event such present statement major not pass year tax century itself forward success special food oil.
2024-08-26,Dell,Dell Inspiron 15 3520,102595,10,4.5,1443,Western hotel beat theory game yes where try note more.
2024-10-07,Redmi,Redmi Book Pro 15,110957,5,3.7,808,Candidate minute let culture a hope prevent close minute send hundred report.
2024-12-15,Apple,Apple MacBook Pro 16,59044,18,3.7,1854,Learn rule food question hundred cut ball sister product attack man foreign spring me third.
2025-05-06,MSI,MSI Katana GF76,50591,15,3.2,3238,Action set artist lose face continue color beyond mouth how project.
2023-10-21,MSI,MSI GF63 Thin,136778,25,4.8,1813,Able stay why guy eye others green defense accept accept close from fact green who ball least right.
2025-05-02,Lenovo,Lenovo IdeaPad Slim 5,95751,5,3.7,3962,Should book free public everybody top star former maybe enter national subject trial perform.
2025-06-01,MSI,MSI GF63 Thin,31397,15,3.9,4524,Oil career contain image listen attention kitchen big popular especially trouble author southern.
2024-08-24,Realme,Realme Book Slim,78589,12,3.3,4422,So guess only rest land rich heavy identify mean modern pay network call rich air successful operation different.
2025-05-01,Asus,Asus TUF Gaming A15,73301,18,3.7,4341,Success woman indicate tend official whose sort actually pull miss sister close north safe wall gun control person special wear already.
2023-11-30,Samsung,Samsung Galaxy Book3 Pro,77220,20,3.6,2467,Rich term turn firm wife lead.
2024-08-22,HP,HP Victus 15,46258,12,4.0,1371,Herself sound always truth reason south card officer while ago send far usually everybody she to official together system.
2025-07-13,Asus,Asus ZenBook 14,85772,18,3.3,3062,Those order participant often expect wonder mind Democrat whether page blood professor far baby role major surface attention land team choice suggest.
2025-03-03,Realme,Realme Book Prime,82231,20,4.3,4918,Serve great suddenly admit former across interest change he company player east likely.
2024-03-09,Acer,Acer Aspire 7,77234,12,3.7,1784,So work short standard politics apply everybody return forget medical model me sister police chance young fight human give watch still.
2025-03-15,HP,HP Omen 16,104945,18,3.9,2542,Sell director nothing group fight employee choose fire want impact main expect get enter down produce report civil our news.
2024-02-25,Redmi,Redmi Book Pro 15,149392,10,3.4,2512,Sing truth wall attention indeed new mind right position wife performance central within final nearly try.
2023-11-15,Apple,Apple MacBook Pro 16,55564,15,3.7,2510,However threat set current job watch with ask place.
2024-02-22,Asus,Asus ZenBook 14,48304,15,3.8,1378,Dream set certainly successful anyone population can right.
2024-12-13,MSI,MSI GF63 Thin,145847,15,3.1,4584,Fact far key crime apply plan participant mean position table big throw.
2025-04-02,Acer,Acer Nitro 5,109642,12,5.0,4100,Short contain decade fund establish history office friend.
2024-04-13,Dell,Dell Vostro 14,131281,12,4.0,3459,Base style to year call since help edge walk list decide coach head when end friend trial phone all day.
2024-09-20,Acer,Acer Predator Helios 300,102787,8,4.3,2112,Remember of professional pressure interview model what state response dream feeling follow culture majority.
2024-05-31,Asus,Asus VivoBook 15,57110,15,4.3,2770,Debate product boy time today cell prevent century paper training must tax research major tax often.
2025-02-15,HP,HP Victus 15,32752,20,3.1,1746,Boy than could guess point establish state star people.
2024-04-07,Dell,Dell Inspiron 15 3520,121337,15,3.9,1954,Lay western raise anything reveal push positive product end scene off financial operation oil cup game candidate face nature option another rate argue reality.
2024-07-18,Realme,Realme Book Slim,48073,8,3.7,1212,His cultural join picture rather near usually service growth color.
2024-06-24,Dell,Dell Vostro 14,143241,18,4.3,744,Kid benefit inside question heart policy administration all eye wide truth recently look seat country during boy base.
2024-03-04,Apple,Apple MacBook Air M1,130745,25,3.1,692,If light morning color media agent discuss alone together share cultural final.
2025-04-02,Apple,Apple MacBook Air M2,65958,5,4.8,344,Soldier something rock significant six center continue value own exist technology suddenly cold population among.
2024-03-18,Apple,Apple MacBook Air M2,87724,8,4.9,4948,Million with executive relate care indeed senior best whom perhaps certain wall take himself total.
2024-11-18,Acer,Acer Aspire 7,66522,20,4.0,1913,Traditional organization choose make factor much realize run will audience often along heart red produce his physical Republican hour security test ahead.
2025-01-25,Apple,Apple MacBook Pro 16,115805,10,4.4,551,Pressure school various country take choose local very street.
2024-11-25,Lenovo,Lenovo ThinkPad X1 Carbon,133677,5,4.6,2772,Every expect over hair character good across camera camera college hand administration budget point deep fast.
2024-12-20,Redmi,Redmi Book 14 II,58523,10,3.6,1830,New everybody control can song usually culture attention vote hotel general week feeling arm practice of black.
2024-02-14,Asus,Asus ZenBook 14,124838,10,3.3,4945,Age drop pull natural exactly finish chair one cultural then anyone history suggest right nature recent body decade.
2024-07-09,Realme,Realme Book Prime,142549,8,3.5,820,Raise within hand able decision add admit unit kind window spend plan.
2025-05-08,Apple,Apple MacBook Air M1,55865,10,3.8,2062,Treatment race group she wonder represent parent each employee its wide during sense citizen majority.
2025-08-13,Lenovo,Lenovo ThinkPad X1 Carbon,93891,10,3.5,2677,Property sometimes yes once father full write central strong hard work recognize trade particularly cell admit.
2025-04-05,Acer,Acer Swift 3,36854,5,4.8,1377,Ago somebody operation world then carry very serious.
2025-05-13,Apple,Apple MacBook Pro 16,124091,18,3.6,3778,Call election activity agency choose prevent fast act.
2024-06-30,Realme,Realme Book Slim,58120,8,3.8,960,Tree say as lot building life sport country crime benefit in yard no especially.
2025-09-11,Lenovo,Lenovo IdeaPad Slim 5,112343,10,3.7,4830,Score believe left write difficult special change since market very than commercial which rest.
2025-05-29,Acer,Acer Aspire 7,135752,5,3.7,3069,Side time himself none evening prevent TV skill.
2024-10-30,HP,HP Envy 13,81873,10,3.9,3047,Long avoid economy poor total half pressure great trial science bad account responsibility front whom which hot dark event collection computer quickly executive.
2025-04-10,Dell,Dell Vostro 14,39813,18,4.3,3748,House power list just much my detail health him everybody teacher standard.
2023-12-17,MSI,MSI Stealth 15M,112576,10,4.8,2875,Budget quality recent arrive statement hope get offer perform simply last over.
2023-12-09,Realme,Realme Book Slim,95624,8,4.2,4769,Like few action real operation management glass force line above decade its already movement beautiful believe.
2025-06-22,Acer,Acer Aspire 7,142396,20,3.5,2442,Likely bad bed left example like I institution federal key almost red coach least kitchen pay would gun have myself.
2025-07-31,Apple,Apple MacBook Air M1,109374,25,4.4,2889,Those send image artist his simple Mrs fill color outside fill relate you style only note part.
2025-07-19,Redmi,Redmi Book Pro 15,147278,12,4.0,4936,Act real let certain argue late break board student great eat I good these.
2024-06-23,Acer,Acer Swift 3,138496,10,4.0,1658,Herself participant hit certain mind thing hit personal language ground if heavy piece inside into.
2025-01-09,Acer,Acer Predator Helios 300,91016,25,4.0,4333,Technology audience charge option particularly movement her should adult remember his.
2025-08-06,Redmi,Redmi Book Pro 15,134532,8,3.3,4260,Ask security we later and back you consumer word able series what feel professor forward successful probably high away hospital television order watch.
2025-08-16,Apple,Apple MacBook Air M1,51920,20,4.7,2157,Million art four action a response candidate property Mr five court young usually though might knowledge necessary.
2023-12-30,Acer,Acer Nitro 5,106088,8,3.4,2994,Radio protect she cold research when mention American clearly help remain develop land.
2024-12-22,HP,HP Envy 13,31659,25,3.8,4038,Term could year bill charge service stuff.
2024-12-29,MSI,MSI GF63 Thin,131131,5,3.4,1062,Street glass why son do save leg trouble blue positive maybe model land second executive word player alone board.
2024-09-16,Acer,Acer Swift 3,96784,20,4.1,450,None door your clear single benefit style cultural east stuff since.
2024-11-05,Acer,Acer Predator Helios 300,143704,12,4.4,1280,Rock lose true world pass certain several condition big ever arrive.
2024-07-17,HP,HP Omen 16,109749,5,3.2,2476,Fish hotel suddenly why themselves federal PM lot so behavior from respond tough radio trade two its improve hit concern.
2025-04-22,Lenovo,Lenovo Legion 5,88607,18,4.0,3589,Include middle chair sit detail consumer type worry enough hit bring baby.
2024-09-15,HP,HP Omen 16,137316,12,3.9,1971,Weight resource toward above magazine give similar watch interview next ahead type who challenge feel happy bill front news whether.
2023-10-10,Redmi,Redmi Book 14 II,109869,10,3.0,1729,Six for participant oil during network require trip or agent establish top industry smile pressure onto policy few become.
2023-12-09,MSI,MSI Stealth 15M,47278,25,3.0,771,Recent toward senior magazine raise support voice recently democratic when remember moment ok rate billion particular style one process tough look full magazine much treatment feeling property.
2023-10-21,Dell,Dell Latitude 5420,39079,25,4.7,2105,Evidence hold though since amount cup lead customer support spring seem nation six.
2025-02-11,Dell,Dell Latitude 5420,137222,20,4.9,4977,Listen admit remain factor chance natural us care season this commercial money.
2023-12-31,Redmi,Redmi Book 14 II,119913,18,4.6,4074,Project structure rock scientist course answer not gas myself.
2024-04-07,HP,HP Victus 15,47035,10,3.4,4961,Itself mind land resource need yes hour middle.
2025-08-21,HP,HP Pavilion x360,57838,5,3.1,1073,Although when successful government go sing military matter physical.
2024-08-30,Asus,Asus VivoBook 15,84118,10,4.0,2557,With attorney glass me doctor debate determine top.
2024-12-09,MSI,MSI Stealth 15M,81892,25,3.7,461,You federal these never hundred eat every guess be list successful watch science.
2025-02-24,Apple,Apple MacBook Air M1,138224,8,3.9,4480,Live sense big gun performance care tell list their education grow my over eight value choose baby yourself book.
2025-06-23,Asus,Asus ZenBook 14,60707,8,4.0,4835,Myself really evening hard investment building back five key brother difficult similar know meet everybody brother live back option.
2025-02-18,Acer,Acer Aspire 7,42975,12,5.0,3797,Against red its experience view ball.
2024-09-04,Samsung,Samsung Galaxy Book Flex,111819,12,4.5,2934,How may cup base simple really hour reveal could continue between strong first building international rest high check certain notice claim.
2024-12-03,Lenovo,Lenovo Yoga Slim 7,103757,25,3.2,2075,President instead property positive car through through fish nature them car season election can fast work executive federal natural couple party.
2023-11-13,Realme,Realme Book Slim,110868,15,3.7,334,Recently later alone political process major next about sister industry choice listen our.
2024-12-17,HP,HP Victus 15,102688,5,3.5,3619,Actually spring seven standard cup detail national relationship.
2023-10-30,Dell,Dell Inspiron 15 3520,112120,10,4.9,1790,Minute go newspaper what fight black culture character set none choice between voice place machine nor score expert increase summer.
2023-10-09,MSI,MSI Stealth 15M,40853,20,5.0,1396,First herself mission trial reveal help.
2025-02-23,Samsung,Samsung Galaxy Book3 Pro,101949,12,3.5,2158,Fly kitchen thousand edge that American us hair writer author impact of themselves stuff deal easy deal husband send.
2024-02-14,Samsung,Samsung Galaxy Chromebook,147116,12,3.4,3165,Per full alone tell power media development director beautiful high.
2025-03-18,Lenovo,Lenovo Legion 5,99128,8,3.2,3809,Kitchen television well operation hit believe happen special walk similar player nothing nation discuss lawyer answer treat third.
2024-09-05,Acer,Acer Predator Helios 300,136745,25,4.9,2077,Experience step difficult son mention major around throughout.
2024-08-08,Apple,Apple MacBook Air M2,115976,8,3.2,476,Course participant glass add machine point letter spend attack carry easy group simple special husband thing.
2025-08-05,Redmi,Redmi Book 14 II,123123,5,4.5,265,Herself per situation walk part source management standard.
2023-10-31,Samsung,Samsung Galaxy Book Flex,132469,20,4.0,2520,Area administration special debate difference future action.
2024-11-02,Acer,Acer Predator Helios 300,135631,25,4.0,596,Than condition organization many trade author despite cut want situation answer theory fly food model paper study beyond doctor city organization one explain.
2025-04-05,Lenovo,Lenovo ThinkPad X1 Carbon,61269,10,4.5,4025,Strategy itself debate behavior toward country yourself occur city guy to task hour put civil enjoy nor strategy develop federal long baby music job firm just budget.
2025-09-04,Lenovo,Lenovo ThinkPad X1 Carbon,72694,8,3.9,1149,Weight herself magazine quickly crime cut but carry from consider language total this name work together.
2024-09-30,HP,HP Pavilion x360,109564,25,3.9,1034,Republican suddenly understand participant there know yeah shake process produce year sister player until full.
2024-06-08,Acer,Acer Nitro 5,123460,25,4.4,826,Top item appear budget deal employee everybody individual whatever then unit rich sometimes two hope security big since pull recent test full side.
2025-07-18,Realme,Realme Book Prime,52943,15,3.2,1998,Himself want event because idea water support share himself let kind their interesting.
2025-02-25,Asus,Asus VivoBook 15,50636,15,3.4,3599,Level almost government imagine decide truth perform change city authority capital point likely garden degree kid.
2024-12-05,Acer,Acer Swift 3,129502,15,4.5,1501,Them mission data education forward ability half off they participant one during by we will magazine way style central project bit evidence kind.
2024-05-30,Realme,Realme Book Slim,56491,12,3.8,235,Technology race TV trade foreign police about attack suggest turn.
2025-07-28,Asus,Asus ZenBook 14,66826,20,3.4,3591,Option candidate buy while war daughter kind discussion exist civil city green more stage husband.
2024-10-24,Realme,Realme Book Prime,137265,18,3.3,226,Plan everything argue attention black free letter network school charge then laugh example pull return history edge color yard market whole bad challenge many hard.
2025-09-05,Apple,Apple MacBook Pro 14,106706,5,3.4,2751,Born it admit natural election provide above east commercial perhaps quickly it hear help accept blue plant.
2025-05-26,HP,HP Envy 13,61576,10,4.4,4733,Hundred while exist stay political firm pull seven wonder maybe back process guy draw.
2025-06-02,Realme,Realme Book Slim,108777,20,4.3,3098,Guy relationship game follow land somebody seem today rest while interview value.
2024-03-10,Lenovo,Lenovo Legion 5,136115,8,3.7,4106,Positive executive think into environmental bad instead own sound way role soldier.
2024-03-23,Dell,Dell XPS 13,99787,5,4.3,2961,Production these get available free myself feel force.
2024-05-15,Acer,Acer Predator Helios 300,60799,18,4.9,1335,Reveal why phone newspaper yeah similar artist certain expert light threat or culture glass build happen federal sound remain tell hand.
2025-08-05,Acer,Acer Nitro 5,67164,5,3.9,1724,Body pull production term live since employee.
2024-09-02,Redmi,Redmi Book 14 II,64182,5,4.1,4905,Win lose impact card future develop Mr country rule short huge most.
2024-03-16,Redmi,Redmi Book Pro 15,63586,10,3.1,3729,Poor letter field whom first soon matter heart water trouble experience near source imagine reflect well company.
2024-09-03,Lenovo,Lenovo Yoga Slim 7,81932,15,3.9,4787,Own own baby bit arrive protect play artist political over capital tell now light arrive until half land.
2024-07-28,Asus,Asus VivoBook 15,100985,5,3.9,1197,Especially health other run Mr candidate car door son arrive travel threat camera environment even.
2024-09-11,Redmi,Redmi Book Pro 15,66058,12,3.0,3890,Military first environment teach care clearly figure clear control give when report race area inside.
2025-08-29,Apple,Apple MacBook Pro 14,67861,10,3.1,4188,Move industry join myself mother shoulder any hair baby my.
2024-12-26,MSI,MSI GF63 Thin,84892,15,3.7,3338,Measure despite cover offer although boy through expert specific.
2024-03-19,Samsung,Samsung Galaxy Chromebook,138059,25,3.4,1125,Treat prepare media state perform training physical alone sense never play plant financial focus throughout place.
2025-03-15,Acer,Acer Nitro 5,105246,25,4.0,1408,Chair film give per modern able next coach base small film which avoid cup alone be eight can agreement time.
2024-09-25,MSI,MSI Stealth 15M,77489,20,4.8,4299,Others article culture past impact camera remember choose they range.
2024-08-09,Asus,Asus TUF Gaming A15,94120,18,3.8,4877,Another conference history minute TV difference term own campaign professor blood four upon much executive race plant easy increase speech edge value shoulder president.
2024-02-03,Lenovo,Lenovo Yoga Slim 7,41527,12,3.1,4425,Place actually body water indeed record play marriage so election phone rather cell serious itself drive.
2024-11-14,Asus,Asus VivoBook 15,140697,8,3.3,2090,Side east economy born player good small TV positive work table single same process answer stand choose economic open open machine either.
2025-01-03,Apple,Apple MacBook Pro 16,32545,15,4.5,4676,Upon research bag most class start media while back event edge prepare pay.
2025-02-27,Dell,Dell XPS 13,88427,18,4.6,1449,Sign time south bring eight his would benefit senior.
2025-07-18,Redmi,Redmi Book Pro 15,61216,15,4.9,4998,Support option manager thought buy special cold position later president chair next court election.
2025-05-05,MSI,MSI Stealth 15M,144452,5,4.2,2544,Sort paper education there American yourself increase modern treat indeed suddenly quickly.
2024-03-04,Realme,Realme Book Slim,100250,18,3.7,2079,Clear side president result part according example rule mean explain PM star safe that school.
2024-08-21,Samsung,Samsung Galaxy Book3 Pro,131805,20,3.1,4586,Professional by happen gas red let generation order box another well off at detail decade.
2024-10-29,Redmi,Redmi Book 14 II,83937,18,3.9,2600,Local benefit attention attorney body condition raise get near current improve bad such go situation movie.
2024-04-20,Redmi,Redmi Book Pro 15,83059,8,4.0,3298,Exist chance still job drive both number their get gun camera station color commercial news item produce.
2024-04-20,Redmi,Redmi Book 14 II,82900,5,3.9,1583,No event personal sea glass maintain.
2024-08-04,Acer,Acer Swift 3,149563,18,4.5,2019,Art think anything third lay student they world film she control.
2025-04-30,MSI,MSI GF63 Thin,73199,8,4.0,4330,Policy character act radio recent up window listen election artist simply card teach house exist threat start long police safe practice phone suggest.
2025-04-20,Samsung,Samsung Galaxy Chromebook,65789,20,4.8,934,Along decade claim possible budget city series main lawyer source next range talk later know concern arm soldier.
2025-06-18,HP,HP Pavilion x360,39118,10,3.2,3987,Value though worry rest guy participant poor or oil even college within.
2023-10-18,Samsung,Samsung Galaxy Chromebook,98953,25,3.4,1820,Local month policy his drive soon window try smile government window camera community consumer east no use face.
2024-12-21,Dell,Dell XPS 13,84921,5,3.1,3266,Economic else whatever song gas need order plan despite ability still people artist house notice any hit lot letter series impact.
2024-04-01,Dell,Dell XPS 13,128882,25,4.1,4719,Think when project too wear shake contain garden order there heart attention key.
2024-11-26,Asus,Asus ROG Strix G15,92664,12,4.3,3419,Whole watch well bank firm skin visit occur rate commercial.
2023-12-15,Lenovo,Lenovo Yoga Slim 7,123173,15,4.7,4499,Dinner month probably realize wear middle example happy.
2023-10-16,Dell,Dell Vostro 14,70439,12,3.7,2459,Western play step share health interest program reach reach effort us important.
2023-12-23,HP,HP Victus 15,88641,15,4.5,3138,Perform house friend yeah left poor assume situation before suggest begin street successful or out apply remain though why like citizen.
2024-08-06,MSI,MSI Stealth 15M,34938,10,3.7,3204,Someone body collection employee though view ok.
2024-11-15,Realme,Realme Book Slim,128238,15,4.6,4878,Maintain pretty girl may reflect home ten rich final project.
2024-10-11,Realme,Realme Book Prime,71773,20,3.7,3731,Enough war movie my determine small.
2024-12-11,Lenovo,Lenovo Yoga Slim 7,46965,18,3.2,2525,Everybody really most anyone smile never economy it bed scientist.
2025-08-12,Asus,Asus ZenBook 14,134094,12,4.6,1134,Offer name official today series street defense set run senior.
2024-04-22,Asus,Asus TUF Gaming A15,63727,15,3.1,1442,Financial difficult administration financial surface professional left campaign without course herself sell.
2024-09-03,Lenovo,Lenovo Legion 5,106336,10,3.4,2921,Few behavior reality condition job citizen save outside development two always girl yet future fall kitchen range size among pretty throughout southern true.
2025-07-10,Lenovo,Lenovo Yoga Slim 7,50279,25,4.6,1073,Receive can religious college join ok worry Republican weight Democrat back enough magazine discover ahead.
2025-04-19,Apple,Apple MacBook Pro 14,104387,18,3.3,4609,Final care what should age fly every character lot letter.
2023-11-19,HP,HP Omen 16,119904,15,3.8,1210,Production own recent wish sign anyone institution improve keep.
2023-10-26,MSI,MSI Katana GF76,49327,10,4.2,3270,Lead single from unit institution so painting serve successful early return old join mean hard place wish before cell.
2025-06-11,Dell,Dell Latitude 5420,87577,25,3.4,3289,Money service peace whom thus particular.
2024-08-14,Dell,Dell Vostro 14,44081,15,4.7,3016,Activity own office walk organization training west election always example too determine structure than.
2025-07-26,Dell,Dell Vostro 14,52794,5,4.4,4747,Buy others clear professor wind describe add production.
2024-12-04,Asus,Asus TUF Gaming A15,69251,15,3.1,2436,Management within time education go special chance success there property worry.
2024-06-04,Dell,Dell XPS 13,132316,20,3.5,808,Image cover discuss know environment throughout memory fire seven individual drug any top just.
2024-02-03,HP,HP Pavilion x360,123995,25,3.3,3118,Citizen color stop treatment successful enough away action six truth.
2024-02-15,Asus,Asus ROG Strix G15,50080,18,4.7,2713,Soon family simply still question within not strategy hot music on respond coach take bad talk body.
2024-07-09,Apple,Apple MacBook Pro 16,98173,18,4.4,2294,Century policy beat clearly stand certainly example coach memory.
2023-10-24,Apple,Apple MacBook Pro 16,144961,5,3.3,1331,Just develop Democrat think wish pattern anything so future oil eight more from interesting lead able six treatment pay item adult dinner trade per trial run.
2024-07-19,Apple,Apple MacBook Pro 14,39159,8,4.0,2586,Man continue maybe sit various Republican especially hold history college father somebody room finish.
2024-11-22,Lenovo,Lenovo Yoga Slim 7,77274,20,3.6,677,Civil brother future clear participant church theory actually charge fly cost can wish Republican similar first subject.
2024-04-23,MSI,MSI Stealth 15M,122008,15,4.9,3993,Beyond young heart year worker face option Mrs follow outside go police wait fear fight work half.
2024-07-24,Apple,Apple MacBook Pro 16,81040,18,4.8,2057,Instead four concern notice party bag green off reality into air final run measure fire teach brother.
2025-01-22,Acer,Acer Predator Helios 300,58184,5,3.8,1617,Tonight usually fear true like blood create case forward stay they see no body certainly election.
2025-04-23,Lenovo,Lenovo Legion 5,109088,18,4.1,1526,Pick cell lead necessary happy capital campaign role trip girl challenge drive use sell same painting.
2023-12-15,Acer,Acer Swift 3,109517,15,4.8,4379,Party whose instead such should instead better ten assume animal there way knowledge professional.
2024-12-12,Redmi,Redmi Book 14 II,104900,8,4.4,2493,Account point tree specific know democratic key boy father fire town single no change dinner.
2025-05-05,Asus,Asus ZenBook 14,65043,10,3.9,599,Hundred become staff total body happen it yourself read increase determine simply peace many still particular small human hot among hospital everybody health cause.
2024-01-24,Acer,Acer Nitro 5,99307,12,3.7,3888,Already ever one walk fear government hold during degree someone thank boy whatever itself exist issue card teach court watch.
2023-11-20,HP,HP Omen 16,73947,8,4.2,2518,Time nearly share kid strategy as site out spring recent behavior whom clear available bit.
2024-04-13,Apple,Apple MacBook Air M1,129364,18,4.3,2391,Remain century push mean history unit mind policy can prove right Democrat choice admit thought impact practice room.
2025-08-28,MSI,MSI Katana GF76,33367,18,4.0,2764,His sell act although father because speech go matter bit east despite generation.
2024-09-26,Lenovo,Lenovo Yoga Slim 7,80640,12,3.5,4547,Inside down recently forward effort sit wall benefit table development edge study training full senior take own improve use begin road newspaper front because foreign.
2024-05-04,Lenovo,Lenovo ThinkPad X1 Carbon,89807,20,3.7,4957,Send evidence blood season end high several.
2024-04-22,Samsung,Samsung Galaxy Book3 Pro,61556,8,4.9,1155,Training program paper generation must act feel agreement find race yet force decide take board doctor consumer evening.
2025-05-10,Realme,Realme Book Slim,120414,25,4.4,2244,Always question type take bag prepare can quality view company.
2024-08-23,Lenovo,Lenovo Legion 5,93346,12,4.1,2337,Threat fact attack organization still morning program else hotel amount policy.
2024-05-23,Asus,Asus TUF Gaming A15,48606,25,3.4,1998,Wind song over power doctor career particularly health save behind necessary no late.
2024-04-01,MSI,MSI Stealth 15M,134862,5,3.6,3405,Could real case community billion job today white within near herself exist night case important prove window style of attention run.
2024-04-18,Redmi,Redmi Book 14 II,119349,8,4.1,4272,Thus thousand guy later leader some door decade serious more decision officer suggest remain next here should point turn while behavior rich plant.
2025-08-24,Asus,Asus ROG Strix G15,137424,5,4.6,305,Against before allow agency leg rich accept strong real former late many realize trial until five PM party save none animal.
2024-04-25,Dell,Dell Latitude 5420,122722,12,4.9,3941,Continue worry do practice evidence spring type find wait against none matter visit.
2025-07-09,Redmi,Redmi Book 14 II,86151,20,3.7,3630,Keep share operation relate leader positive at matter table sort hold move treatment finish visit check those.
2024-12-16,Asus,Asus VivoBook 15,68813,10,3.3,764,Door interesting wish treat very sure ball set growth from beat at road mean.
2024-03-22,Dell,Dell Latitude 5420,53551,10,3.9,1224,Treatment deal fear prevent interview direction on cover learn central evidence white.
2024-12-15,Lenovo,Lenovo IdeaPad Slim 5,93950,5,4.9,3575,Service throughout lot use every believe remain newspaper try job middle cost.
2025-01-28,Samsung,Samsung Galaxy Book2,147569,5,3.6,4139,Condition pick they crime life kitchen base program structure none six hope allow leader.
2025-03-08,Dell,Dell Vostro 14,72563,18,4.9,1041,By nearly success community from protect may building course people Mr analysis room from learn girl magazine.
2025-07-06,Redmi,Redmi Book Pro 15,144503,25,4.0,2286,Nice age hour entire save debate concern book shake business meet medical simply issue other sometimes.
2024-10-01,Acer,Acer Aspire 7,45531,15,4.6,4033,Police meeting outside population we today maintain during.
2025-03-16,Dell,Dell XPS 13,73086,25,4.2,692,Six side seek help upon because physical it pretty short natural low military movie.
2023-10-06,Dell,Dell Inspiron 15 3520,64134,18,3.3,4935,More as nor way here garden perform reflect artist case son act often little write friend shoulder.
2025-07-21,Realme,Realme Book Slim,60404,15,3.1,4772,Space can medical employee experience song citizen Mrs leave affect.
2024-08-19,Samsung,Samsung Galaxy Book Flex,72311,5,3.8,1883,About watch base forward project full test employee maintain you position talk morning chair near scientist admit traditional himself who may.
2025-07-29,Apple,Apple MacBook Air M1,141299,25,3.5,4735,Moment support number tell trade sometimes director class feel five any charge stage.
2024-04-21,Acer,Acer Nitro 5,63548,12,3.1,2250,Him event resource their of challenge table know might whether cup reason class everyone phone board lay couple specific work skill two.
2025-08-01,Acer,Acer Predator Helios 300,123192,20,3.8,4445,Recognize from before look late mission none soon front.
2024-01-18,Acer,Acer Swift 3,51650,20,3.8,235,Politics ready skill close skill item similar challenge small leave rise along born east such owner.
2023-12-21,Dell,Dell Inspiron 15 3520,139792,25,5.0,2265,Activity probably positive there home site a top attorney PM election child mean first treat home.
2024-07-11,Dell,Dell Vostro 14,144687,10,4.0,1087,Tv unit value speak want physical action card daughter north.
2025-07-11,Dell,Dell Inspiron 15 3520,54427,8,3.7,3810,Art yourself southern actually notice time now magazine art meeting buy each.
2024-08-02,Dell,Dell Latitude 5420,96015,8,4.8,4804,Series rock attack campaign goal deep way ahead spend realize easy risk world high scientist question hot north.
2025-09-16,Samsung,Samsung Galaxy Book3 Pro,69550,25,4.3,1389,Tough tonight little must city according tax natural.
2025-05-05,Redmi,Redmi Book 14 II,141438,12,4.9,3227,Can position out of public employee least single cut local clearly agency realize international treat south view high.
2025-02-20,MSI,MSI Stealth 15M,75932,18,4.5,3936,Money tree turn according church high late summer ball town mission job authority possible performance to.
2025-03-22,HP,HP Envy 13,117174,25,3.8,3976,Else land ok fund you close dinner home wear raise range box me beyond state perform economy lot better.
2024-09-08,HP,HP Victus 15,68924,10,3.3,4100,Though impact treat mother never support large rise mouth blue summer design yet ask hold car range various range kid this environment.
2024-12-18,Samsung,Samsung Galaxy Book3 Pro,147032,5,3.8,4390,War chair while possible land represent everyone how support start.
2024-06-16,Acer,Acer Swift 3,114755,15,3.1,4193,Let type article minute common record may such threat sell religious smile dream exist and themselves such east yard glass out together.
2024-09-22,Acer,Acer Nitro 5,110611,12,3.6,3039,Scene yard under man record question business.
